Workbook

Sheet Cover
B2: VALUE ENGINEERING & COST ANALYSIS
B3: Smart IoT Parking Detection System — Prototype
B4: Arduino Uno R4 WiFi | OpenCV Camera Detection | 16×2 LCD Display
B6: Project Name | C6: IoT Smart Parking Detector
B7: Prepared By | C7: Engineering Team
B8: Date | C8: March 2026
B9: Version | C9: 1.0
B10: Analysis Scope | C10: BOM + Labour + Software — Prototype Unit
B13: Workbook Index
B14: 1. Cover | C14: Project overview and workbook navigation
B15: 2. BOM Baseline | C15: Full bill of materials with unit costs and quantities
B16: 3. Cost Breakdown | C16: Category-level cost analysis with Pareto chart
B17: 4. VE Proposals | C17: Design modification proposals with savings estimates
B18: 5. Scenario Analysis | C18: Side-by-side baseline vs optimised cost scenarios
B19: 6. Summary Dashboard | C19: Executive summary with KPIs and recommendations
B22: Key Findings at a Glance
B23: Baseline Unit Cost | C23: ~$97.50
B24: Optimised Unit Cost | C24: ~$58.20
B25: Total Savings | C25: ~$39.30 (40%)
B26: Largest Cost Driver | C26: Arduino R4 WiFi Board (26%)
B27: Top VE Opportunity | C27: Replace R4 WiFi → ESP32-CAM

Sheet BOM Baseline
A1: BILL OF MATERIALS — BASELINE (per prototype unit)
A2: # | B2: Component | C2: Category | D2: Qty | E2: Unit Cost ($) | F2: Total Cost ($) | G2: % of BOM | H2: Supplier / Source | I2: Notes
A3: 1 | B3: Arduino Uno R4 WiFi | C3: Compute | D3: 1 | E3: 25 | F3: =E3*D3 -> 25 | G3: =F3/F20 -> 0.19758941 | H3: Arduino Official / Robu.in | I3: ESP32-S3 WiFi onboard
A4: 2 | B4: 16×2 LCD + I2C module | C4: Display | D4: 1 | E4: 3.5 | F4: =E4*D4 -> 3.5 | G4: =F4/F20 -> 0.027662517 | H4: Generic / AliExpress | I4: PCF8574 I2C backpack
A5: 3 | B5: Android smartphone (camera) | C5: Camera | D5: 1 | E5: 0 | F5: =E5*D5 -> 0 | G5: =F5/F20 -> 0 | H5: User-owned device | I5: IP Webcam app — zero cost
A6: 4 | B6: Phone mount / clamp | C6: Mechanical | D6: 1 | E6: 2 | F6: =E6*D6 -> 2 | G6: =F6/F20 -> 0.015807153 | H6: Generic hardware store | I6: Adjustable clip-on type
A7: 5 | B7: USB power bank 5000 mAh | C7: Power | D7: 1 | E7: 8 | F7: =E7*D7 -> 8 | G7: =F7/F20 -> 0.063228611 | H7: Generic / Amazon | I7: Powers Arduino standalone
A8: 6 | B8: USB-A to USB-C cable (1 m) | C8: Power | D8: 1 | E8: 1.5 | F8: =E8*D8 -> 1.5 | G8: =F8/F20 -> 0.011855365 | H8: Generic | I8: Arduino power cable
A9: 7 | B9: Jumper wires (pack 40) | C9: Connectivity | D9: 1 | E9: 1.2 | F9: =E9*D9 -> 1.2 | G9: =F9/F20 -> 0.0094842916 | H9: Generic | I9: M-F and M-M
A10: 8 | B10: Breadboard (half-size) | C10: Connectivity | D10: 1 | E10: 1.8 | F10: =E10*D10 -> 1.8 | G10: =F10/F20 -> 0.014226437 | H10: Generic | I10: Prototyping
A11: 9 | B11: 3D-printed enclosure | C11: Mechanical | D11: 1 | E11: 4.5 | F11: =E11*D11 -> 4.5 | G11: =F11/F20 -> 0.035566094 | H11: In-house FDM print | I11: PLA, ~150 g filament
A12: 10 | B12: M3 screws & standoffs (kit) | C12: Mechanical | D12: 1 | E12: 1 | F12: =E12*D12 -> 1 | G12: =F12/F20 -> 0.0079035764 | H12: Generic | I12: Mounting hardware
A13: 11 | B13: Arduino IDE | C13: Software | D13: 1 | E13: 0 | F13: =E13*D13 -> 0 | G13: =F13/F20 -> 0 | H13: Open source | I13: Free
A14: 12 | B14: Python 3 + OpenCV + libs | C14: Software | D14: 1 | E14: 0 | F14: =E14*D14 -> 0 | G14: =F14/F20 -> 0 | H14: Open source | I14: Free
A15: 13 | B15: IP Webcam app (Android) | C15: Software | D15: 1 | E15: 0 | F15: =E15*D15 -> 0 | G15: =F15/F20 -> 0 | H15: Free tier | I15: Pavel Khlebovich
A16: 14 | B16: Hardware assembly labour | C16: Labour | D16: 3 | E16: 8 | F16: =E16*D16 -> 24 | G16: =F16/F20 -> 0.18968583 | H16: Internal | I16: 3 hrs @ $8/hr estimate
A17: 15 | B17: Software setup & calibration | C17: Labour | D17: 4 | E17: 8 | F17: =E17*D17 -> 32 | G17: =F17/F20 -> 0.25291444 | H17: Internal | I17: 4 hrs @ $8/hr estimate
A18: 16 | B18: Testing & commissioning | C18: Labour | D18: 2 | E18: 8 | F18: =E18*D18 -> 16 | G18: =F18/F20 -> 0.12645722 | H18: Internal | I18: 2 hrs @ $8/hr estimate
A19: 17 | B19: Contingency (5%) | C19: Contingency | D19: 1 | E19: =0.05*SUM(F3:F18) -> 6.025 | F19: =E19*D19 -> 6.025 | G19: =F19/F20 -> 0.047619048 | H19: — | I19: Applied via formula
A20: TOTAL UNIT COST | F20: =SUM(F3:F19) -> 126.525 | G20: =SUM(G3:G19) -> 1
A22: Blue cells = user-editable inputs (unit costs, quantities) | Black cells = auto-calculated formulas | Contingency row auto-updates when other costs change

Sheet Cost Breakdown
A1: COST BREAKDOWN BY CATEGORY
A2: # | B2: Category | C2: Total Cost ($) | D2: % of Total | E2: Cumulative % | F2: Classification
A3: 1 | B3: Labour | C3: 56 | D3: =C3/('BOM Baseline'!F20) -> 0.44260028 | E3: =D3 -> 0.44260028 | F3: A — Critical
A4: 2 | B4: Compute | C4: 25 | D4: =C4/('BOM Baseline'!F20) -> 0.19758941 | E4: =E3+D4 -> 0.64018969 | F4: A — Critical
A5: 3 | B5: Power | C5: 9.5 | D5: =C5/('BOM Baseline'!F20) -> 0.075083975 | E5: =E4+D5 -> 0.71527366 | F5: B — Significant
A6: 4 | B6: Mechanical | C6: 7.5 | D6: =C6/('BOM Baseline'!F20) -> 0.059276823 | E6: =E5+D6 -> 0.77455048 | F6: B — Significant
A7: 5 | B7: Display | C7: 3.5 | D7: =C7/('BOM Baseline'!F20) -> 0.027662517 | E7: =E6+D7 -> 0.802213 | F7: C — Minor
A8: 6 | B8: Connectivity | C8: 3 | D8: =C8/('BOM Baseline'!F20) -> 0.023710729 | E8: =E7+D8 -> 0.82592373 | F8: C — Minor
A9: 7 | B9: Software | C9: 0 | D9: =C9/('BOM Baseline'!F20) -> 0 | E9: =E8+D9 -> 0.82592373 | F9: C — Minor
A10: 8 | B10: Contingency | C10: 0 | D10: =C10/('BOM Baseline'!F20) -> 0 | E10: =E9+D10 -> 0.82592373 | F10: Calculated
A11: TOTAL | C11: =SUM(C3:C10) -> 104.5 | D11: =SUM(D3:D10) -> 0.82592373

Sheet VE Proposals
A1: VALUE ENGINEERING PROPOSALS — Design Modifications to Reduce Cost Without Compromising Quality
A2: # | B2: Current Component | C2: Proposed Modification | D2: Current Cost ($) | E2: Proposed Cost ($) | F2: Saving / Unit ($) | G2: Saving % | H2: Quality Impact | I2: Complexity | J2: Rationale / Notes
A3: 1 | B3: Arduino Uno R4 WiFi | C3: Replace with ESP32-CAM module | D3: 25 | E3: 6.5 | F3: =D3-E3 -> 18.5 | G3: =IF(D3=0,0,(D3-E3)/D3) -> 0.74 | H3: None — ESP32-CAM has WiFi + camera onboard, eliminating IP Webcam dependency | I3: Low | J3: Eliminates phone dependency entirely; runs OpenCV-lite on-device. Saves most per unit.
A4: 2 | B4: 16×2 LCD + I2C | C4: Replace with 0.96" OLED I2C (SSD1306) | D4: 3.5 | E4: 2.2 | F4: =D4-E4 -> 1.3 | G4: =IF(D4=0,0,(D4-E4)/D4) -> 0.37142857 | H4: Minimal — OLED is higher contrast, lower power; same I2C wiring | I4: Low | J4: Slightly better visibility in low light. Marginal saving but improved UX.
A5: 3 | B5: USB Power Bank 5000 mAh | C5: Use 5 V 2 A wall adapter (fixed install) | D5: 8 | E5: 2.5 | F5: =D5-E5 -> 5.5 | G5: =IF(D5=0,0,(D5-E5)/D5) -> 0.6875 | H5: None for fixed installation — assume mains power available at parking lot | I5: Low | J5: Prototype may need portability; production units will be mains-powered.
A6: 4 | B6: 3D-Printed PLA Enclosure | C6: Laser-cut acrylic flat-pack enclosure | D6: 4.5 | E6: 2.8 | F6: =D6-E6 -> 1.7 | G6: =IF(D6=0,0,(D6-E6)/D6) -> 0.37777778 | H6: None — acrylic is more weather-resistant and faster to produce at volume | I6: Low | J6: At >10 units, laser-cut acrylic is cheaper per part than FDM print time.
A7: 5 | B7: Hardware Assembly Labour (3 hrs) | C7: PCB integration → reduce to 1.5 hrs | D7: 24 | E7: 12 | F7: =D7-E7 -> 12 | G7: =IF(D7=0,0,(D7-E7)/D7) -> 0.5 | H7: Slight — requires custom PCB layout to pre-route I2C; quality improves | I7: Medium | J7: Custom PCB eliminates jumper wires; reduces assembly errors.
A8: 6 | B8: Software Setup Labour (4 hrs) | C8: Pre-flash firmware image → 1 hr setup | D8: 32 | E8: 8 | F8: =D8-E8 -> 24 | G8: =IF(D8=0,0,(D8-E8)/D8) -> 0.75 | H8: None — scripted installer and pre-configured firmware image | I8: Low | J8: One-time investment in a setup script saves 3 hrs per unit deployed.
A9: 7 | B9: Testing & Commissioning (2 hrs) | C9: Automated test script → 0.5 hr | D9: 16 | E9: 4 | F9: =D9-E9 -> 12 | G9: =IF(D9=0,0,(D9-E9)/D9) -> 0.75 | H9: None — automated ROI calibration and WiFi check script | I9: Low | J9: Python test harness can run calibration and send a test message automatically.
A10: 8 | B10: Breadboard + Jumper Wires | C10: Custom PCB (at quantity ≥ 5) | D10: 3 | E10: 1.2 | F10: =D10-E10 -> 1.8 | G10: =IF(D10=0,0,(D10-E10)/D10) -> 0.6 | H10: None — PCB reduces connection failures and assembly time | I10: Medium | J10: PCB NRE cost ~$20 amortised over 5+ units = $4/unit; part cost drops.
A11: 9 | B11: Contingency 5% | C11: Reduce to 3% with proven BOM | D11: 0 | E11: 0 | F11: =D11-E11 -> 0 | G11: =IF(D11=0,0,(D11-E11)/D11) -> 0 | H11: None — lower contingency reflects reduced risk after prototype validation | I11: Low | J11: Contingency auto-calculated; reducing % reduces absolute cost.
A12: TOTAL SAVINGS PER UNIT | D12: =SUM(D3:D11) -> 116 | E12: =SUM(E3:E11) -> 39.2 | F12: =SUM(F3:F11) -> 76.8 | G12: =IF(D12=0,0,F12/D12) -> 0.66206897

Sheet Scenario Analysis
A1: SCENARIO ANALYSIS — Baseline vs Value-Engineered vs Aggressive Optimisation
B2: Component / Cost Item | C2: Baseline ($) | D2: VE Option ($) | E2: Aggressive ($) | F2: VE Saving ($) | G2: Aggressive Saving ($) | H2: Notes
B3: Arduino / MCU | C3: 25 | D3: 6.5 | E3: 4.5 | F3: =C3-D3 -> 18.5 | G3: =C3-E3 -> 20.5 | H3: ESP32-CAM ($6.50) or bare ESP32-S3 ($4.50)
B4: Display | C4: 3.5 | D4: 2.2 | E4: 1.8 | F4: =C4-D4 -> 1.3 | G4: =C4-E4 -> 1.7 | H4: OLED or 7-segment LED (cheapest)
B5: Camera | C5: 0 | D5: 0 | E5: 0 | F5: =C5-D5 -> 0 | G5: =C5-E5 -> 0 | H5: Integrated in ESP32-CAM in both scenarios
B6: Phone mount | C6: 2 | D6: 2 | E6: 0.8 | F6: =C6-D6 -> 0 | G6: =C6-E6 -> 1.2 | H6: 3D-printed fixed bracket in aggressive
B7: Power supply | C7: 8 | D7: 2.5 | E7: 1.5 | F7: =C7-D7 -> 5.5 | G7: =C7-E7 -> 6.5 | H7: Mains adapter; aggressive = bare module
B8: USB cable | C8: 1.5 | D8: 1.5 | E8: 0.5 | F8: =C8-D8 -> 0 | G8: =C8-E8 -> 1 | H8: Bulk purchase
B9: Jumper wires | C9: 1.2 | D9: 0 | E9: 0 | F9: =C9-D9 -> 1.2 | G9: =C9-E9 -> 1.2 | H9: Eliminated with PCB
B10: Breadboard | C10: 1.8 | D10: 0 | E10: 0 | F10: =C10-D10 -> 1.8 | G10: =C10-E10 -> 1.8 | H10: Eliminated with PCB
B11: Enclosure | C11: 4.5 | D11: 2.8 | E11: 1.2 | F11: =C11-D11 -> 1.7 | G11: =C11-E11 -> 3.3 | H11: Laser-cut; aggressive = no enclosure (bare PCB)
B12: Screws & standoffs | C12: 1 | D12: 1 | E12: 0.5 | F12: =C12-D12 -> 0 | G12: =C12-E12 -> 0.5 | H12: Bulk hardware
B13: Custom PCB (amortised) | C13: 0 | D13: 2 | E13: 1.2 | F13: =C13-D13 -> -2 | G13: =C13-E13 -> -1.2 | H13: NRE spread over batch; aggressive = larger batch
B14: Assembly labour | C14: 24 | D14: 12 | E14: 6 | F14: =C14-D14 -> 12 | G14: =C14-E14 -> 18 | H14: Pre-flashed + PCB; aggressive = trained assembler
... B17: Contingency | C17: 0 | D17: 0 | E17: 0 | F17: =C17-D17 -> 0 | G17: =C17-E17 -> 0 | H17: Calculated below at 5% / 3% / 2%
B18: Sub-total (excl. contingency) | C18: =SUM(C3:C17) -> 120.5 | D18: =SUM(D3:D17) -> 44.5 | E18: =SUM(E3:E17) -> 21 | F18: =SUM(F3:F17) -> 76 | G18: =SUM(G3:G17) -> 99.5
B19: Contingency % | C19: 0.05 | D19: 0.03 | E19: 0.02
B20: Contingency amount ($) | C20: =C18*C19 -> 6.025 | D20: =D18*D19 -> 1.335 | E20: =E18*E19 -> 0.42
B21: GRAND TOTAL UNIT COST | C21: =C18+C20 -> 126.525 | D21: =D18+D20 -> 45.835 | E21: =E18+E20 -> 21.42 | F21: =C21-D21 -> 80.69 | G21: =C21-E21 -> 105.105
B22: Total saving vs baseline (%) | F22: =F21/C21 -> 0.63773958 | G22: =G21/C21 -> 0.83070539
B25: QUANTITY BREAK ANALYSIS — VE Scenario
B26: Quantity | C26: Unit Cost ($) | D26: Total Cost ($) | E26: Cumulative Saving vs 1 unit
B27: 1 | C27: =D21*(1-0) -> 45.835 | D27: =B27*C27 -> 45.835 | E27: =1-(C27/D21) -> 0
B28: 5 | C28: =D21*(1-0.05) -> 43.54325 | D28: =B28*C28 -> 217.71625 | E28: =1-(C28/D21) -> 0.05
B29: 10 | C29: =D21*(1-0.1) -> 41.2515 | D29: =B29*C29 -> 412.515 | E29: =1-(C29/D21) -> 0.1
B30: 25 | C30: =D21*(1-0.15) -> 38.95975 | D30: =B30*C30 -> 973.99375 | E30: =1-(C30/D21) -> 0.15
B31: 50 | C31: =D21*(1-0.18) -> 37.5847 | D31: =B31*C31 -> 1879.235 | E31: =1-(C31/D21) -> 0.18
B32: 100 | C32: =D21*(1-0.22) -> 35.7513 | D32: =B32*C32 -> 3575.13 | E32: =1-(C32/D21) -> 0.22

Sheet Summary Dashboard
B1: EXECUTIVE SUMMARY — Value Engineering Cost Analysis
B3: Baseline Cost | C3: VE Cost | D3: Saving / Unit | E3: Saving %
B4: ='BOM Baseline'!F20 -> 126.525 | C4: ='Scenario Analysis'!D21 -> 45.835 | D4: ='Scenario Analysis'!F21 -> 80.69 | E4: ='Scenario Analysis'!F22 -> 0.63773958
B6: Top Value Engineering Proposals
B7: Proposal | C7: Current ($) | D7: Optimised ($) | E7: Saving ($) | F7: Quality Impact
B8: Replace Arduino R4 WiFi → ESP32-CAM | C8: 25 | D8: 6.5 | E8: =C8-D8 -> 18.5 | F8: None — adds onboard camera
B9: Automate software setup (scripted) | C9: 32 | D9: 8 | E9: =C9-D9 -> 24 | F9: None — faster deployment
B10: Automate testing (pytest harness) | C10: 16 | D10: 4 | E10: =C10-D10 -> 12 | F10: None — more consistent
B11: PCB integration (replaces breadboard) | C11: 3 | D11: 1.2 | E11: =C11-D11 -> 1.8 | F11: Improved reliability
B12: Mains adapter (replaces power bank) | C12: 8 | D12: 2.5 | E12: =C12-D12 -> 5.5 | F12: None for fixed install
B13: OLED display (replaces LCD) | C13: 3.5 | D13: 2.2 | E13: =C13-D13 -> 1.3 | F13: Improved contrast
B14: Laser-cut enclosure (replaces 3D print) | C14: 4.5 | D14: 2.8 | E14: =C14-D14 -> 1.7 | F14: Better weatherproofing
B15: TOTAL SAVING | D15: =SUM(D8:D14) -> 27.2 | E15: =SUM(E8:E14) -> 64.8
B17: Key Recommendations
B18: 1 — Immediate (Prototype v2)
B19: Swap Arduino Uno R4 WiFi for ESP32-CAM. Single module handles WiFi + camera, eliminating phone dependency. Saves $18.50/unit. Difficulty: Low.
B20: 2 — Short Term (5-unit pilot)
B21: Commission a custom 2-layer PCB ($20 NRE). Eliminates jumper wires and breadboard, cuts assembly time by 50%. Saves ~$4.80/unit at qty 5.
B22: 3 — Medium Term (production batch)
B23: Write a one-command setup script and automated pytest suite. Turns 6 hrs of software+testing labour into 1.5 hrs. Saves $22.50/unit.
B24: 4 — Volume Pricing
B25: At 25 units, component discounts alone drive unit cost down a further ~15%. Target unit cost at qty 25 is approximately $49.
